{"symbol":"bnbusdt","open":1083.2,"high":1083.56,"low":1080.0,"close":1080.61,"volume":1665.529,"timestamp":1761832799999,"closed":true}
{"symbol":"ethusdt","open":3771.74,"high":3774.34,"low":3765.61,"close":3766.68,"volume":1393.8217,"timestamp":1761832799999,"closed":true}
{"symbol":"btcusdt","open":107732.02,"high":107747.42,"low":107610.0,"close":107627.16,"volume":29.9834,"timestamp":1761832799999,"closed":true}
{"symbol":"solusdt","open":185.95,"high":186.09,"low":185.65,"close":185.74,"volume":4704.637,"timestamp":1761832799999,"closed":true}
