{"symbol":"ethusdt","open":3775.77,"high":3775.77,"low":3766.26,"close":3766.27,"volume":704.053,"timestamp":"2025-10-17 13:13:59"}
{"symbol":"btcusdt","open":105130.38,"high":105130.38,"low":104947.51,"close":104961.21,"volume":107.94258,"timestamp":"2025-10-17 13:13:59"}
{"symbol":"bnbusdt","open":1064.44,"high":1064.53,"low":1061.08,"close":1061.47,"volume":1018.001,"timestamp":"2025-10-17 13:13:59"}
{"symbol":"solusdt","open":181.05,"high":181.05,"low":180.55,"close":180.58,"volume":2463.356,"timestamp":"2025-10-17 13:13:59"}
